id,multicenter,countries,centers,country_1,design,dx_method,selection_criteria,setting,std_tx,add_on,length,length_d,n_males,ethnicity,bmi_x,bmi_sd,age_x,age_sd,id,final_exposure,comparison,analyzed_n,n1,n2,events_severe,severe1,severe2,events_icu,icu1,icu2,events_severe_icu,severe_icu1,severe_icu2,events_death,death1,death2,recov_discharge_events,recov_discharge1,recov_discharge2,smoker_1,smoker_2,males_n,age_x,age_sd,,,
8070,multicenter,1,nd,singapore,rcs,nd,general,out-patient,yes,antivirals,yes,11,7,chinese,na,na,40,11.11,8070,hypertension,not_present,17,1,16,,,,,,,,,,,,,,,,,,,,,,,
9340,single,na,na,italy,rcs,rt-pcr,general,in-patient,nd,na,yes,11,1,nr,na,na,66.5,0.71,9340,hypertension,not_present,2,1,1,,,,,,,,,,,,,,,,,,,,,,,
8965,multicenter,1,2,china,rcs,rt-pcr,general,in-patient,yes,antivirals,yes,13,11,nr,na,na,48,21.48,8965,hypertension,not_present,19,2,17,,,,,,,,,,,,,,,,,,,,,,,
9400,multicenter,1,3,china,rcs,rt-pcr,general,in-patient,yes,antivirals,yes,16,39,nr,na,na,33,17.78,9400,hypertension,not_present,78,8,70,,,,,,,,,,,,,67,6,61,,,,,,,,
9400,multicenter,1,3,china,rcs,rt-pcr,general,in-patient,yes,antivirals,yes,16,39,nr,na,na,33,17.78,9400,diabetes,not_present,78,5,73,,,,,,,,,,,,,67,3,64,,,,,,,,
9400,multicenter,1,3,china,rcs,rt-pcr,general,in-patient,yes,antivirals,yes,16,39,nr,na,na,33,17.78,9400,copd,not_present,78,2,76,,,,,,,,,,,,,67,1,66,,,,,,,,
9400,multicenter,1,3,china,rcs,rt-pcr,general,in-patient,yes,antivirals,yes,16,39,nr,na,na,33,17.78,9400,cancer,not_present,78,4,74,,,,,,,,,,,,,67,2,65,,,,,,,,
8149,multicenter,1,nd,korea,rcs,nd,death,overall,nd,na,yes,19,33,nr,na,na,75.5,10.37,8149,diabetes,not_present,54,16,38,,,,,,,,,,,,,,,,,,,,,,,
8844,single,na,na,china,rcs,rt-pcr,general,in-patient,yes,antivirals,yes,24,12,nr,na,na,60,16.3,8844,none,any_comorbidity,27,14,13,,,,,,,,,,10,2,8,,,,,,,,,,,
8844,single,na,na,china,rcs,rt-pcr,general,in-patient,yes,antivirals,yes,24,12,nr,na,na,60,16.3,8844,hypertension,not_present,27,5,22,,,,,,,,,,10,5,5,,,,,,,,,,,
8844,single,na,na,china,rcs,rt-pcr,general,in-patient,yes,antivirals,yes,24,12,nr,na,na,60,16.3,8844,diabetes,not_present,27,6,21,,,,,,,,,,10,6,4,,,,,,,,,,,
8844,single,na,na,china,rcs,rt-pcr,general,in-patient,yes,antivirals,yes,24,12,nr,na,na,60,16.3,8844,cardiac_disease,not_present,27,3,24,,,,,,,,,,10,3,7,,,,,,,,,,,
8844,single,na,na,china,rcs,rt-pcr,general,in-patient,yes,antivirals,yes,24,12,nr,na,na,60,16.3,8844,cancer,not_present,27,1,26,,,,,,,,,,10,0,10,,,,,,,,,,,
8844,single,na,na,china,rcs,rt-pcr,general,in-patient,yes,antivirals,yes,24,12,nr,na,na,60,16.3,8844,cerebrovascular_disease,not_present,27,1,26,,,,,,,,,,10,1,9,,,,,,,,,,,
8844,single,na,na,china,rcs,rt-pcr,general,in-patient,yes,antivirals,yes,24,12,nr,na,na,60,16.3,8844,chronic_gastritis,not_present,27,1,26,,,,,,,,,,10,0,10,,,,,,,,,,,
7929,single,na,na,china,rcs,rt-pcr,general,in-patient,yes,antivirals,yes,9,8,nr,na,na,53.67,18.01,7929,hypertension,not_present,12,3,9,,,,,,,,,,,,,,,,,,,,,,,
7929,single,na,na,china,rcs,rt-pcr,general,in-patient,yes,antivirals,yes,9,8,nr,na,na,53.67,18.01,7929,diabetes,not_present,12,2,10,,,,,,,,,,,,,,,,,,,,,,,
9695,single,na,na,china,rcs,rt-pcr,asymptomatic,in-patient,yes,antivirals,yes,12,8,nr,na,na,32.5,28.15,9695,hypertension,not_present,24,1,23,,,,,,,,,,,,,,,,,,,,,,,
9695,single,na,na,china,rcs,rt-pcr,asymptomatic,in-patient,yes,antivirals,yes,12,8,nr,na,na,32.5,28.15,9695,diabetes_hypertension ,not_present,24,1,23,,,,,,,,,,,,,,,,,,,,,,,
9321,multicenter,1,3,china,rcs,rt-pcr,general,in-patient,yes,antivirals,yes,44,17,nr,na,na,65,10.37,9321,diabetes,not_present,28,4,24,,,,,,,,,,,,,,,,,,,,,,,
9702,single,na,na,china,rcs,nd,general,in-patient,nd,na,yes,21,44,nr,na,na,60,13.33,9702,hypertension,not_present,79,14,65,28,4,24,,,,28,4,24,,,,,,,,,,,,,,
9702,single,na,na,china,rcs,nd,general,in-patient,nd,na,yes,21,44,nr,na,na,60,13.33,9702,diabetes,not_present,79,8,71,28,2,26,,,,28,2,26,,,,,,,,,,,,,,
9702,single,na,na,china,rcs,nd,general,in-patient,nd,na,yes,21,44,nr,na,na,60,13.33,9702,coronary_heart_disease,not_present,79,7,72,28,2,26,,,,28,2,26,,,,,,,,,,,,,,
8609,single,na,na,china,rcs,nd,general,in-patient,yes,antivirals,yes,35,86,nr,na,na,54,17.78,8609,hypertension,not_present,155,37,118,,,,,,,,,,,,,,,,,,,,,,,
8609,single,na,na,china,rcs,nd,general,in-patient,yes,antivirals,yes,35,86,nr,na,na,54,17.78,8609,diabetes,not_present,155,15,140,,,,,,,,,,,,,,,,,,,,,,,
9764,single,na,na,china,rcs,rt-pcr,general,in-patient,nd,na,yes,35,25,nr,na,na,41.67,20.36,9764,diabetes,not_present,51,4,47,,,,,,,,,,,,,,,,,,,,,,,
9175,single,na,na,china,rcs,rt-pcr,general,in-patient,yes,antivirals,yes,43,53,nr,24.4,1.19,54,22.22,9175,none,any_comorbidity,102,55,47,,,,,,,,,,17,4,13,,,,,,,,,,,
9175,single,na,na,china,rcs,rt-pcr,general,in-patient,yes,antivirals,yes,43,53,nr,24.4,1.19,54,22.22,9175,hypertension,not_present,102,28,74,,,,,,,,,,17,11,6,,,,,,,,,,,
9175,single,na,na,china,rcs,rt-pcr,general,in-patient,yes,antivirals,yes,43,53,nr,24.4,1.19,54,22.22,9175,diabetes,not_present,102,11,91,,,,,,,,,,17,6,11,,,,,,,,,,,
9175,single,na,na,china,rcs,rt-pcr,general,in-patient,yes,antivirals,yes,43,53,nr,24.4,1.19,54,22.22,9175,cerebrovascular_disease,not_present,102,6,96,,,,,,,,,,17,3,14,,,,,,,,,,,
9175,single,na,na,china,rcs,rt-pcr,general,in-patient,yes,antivirals,yes,43,53,nr,24.4,1.19,54,22.22,9175,cardiovascular_disease ,not_present,102,5,97,,,,,,,,,,17,3,14,,,,,,,,,,,
9175,single,na,na,china,rcs,rt-pcr,general,in-patient,yes,antivirals,yes,43,53,nr,24.4,1.19,54,22.22,9175,lung_disease,not_present,102,10,92,,,,,,,,,,17,4,13,,,,,,,,,,,
9175,single,na,na,china,rcs,rt-pcr,general,in-patient,yes,antivirals,yes,43,53,nr,24.4,1.19,54,22.22,9175,cancer,not_present,102,4,98,,,,,,,,,,17,1,16,,,,,,,,,,,
9175,single,na,na,china,rcs,rt-pcr,general,in-patient,yes,antivirals,yes,43,53,nr,24.4,1.19,54,22.22,9175,chronic_kidney_disease,not_present,102,4,98,,,,,,,,,,17,3,14,,,,,,,,,,,
9175,single,na,na,china,rcs,rt-pcr,general,in-patient,yes,antivirals,yes,43,53,nr,24.4,1.19,54,22.22,9175,chronic_liver_disease,not_present,102,2,100,,,,,,,,,,17,1,16,,,,,,,,,,,
8542,multicenter,1,nd,bolivia,rcs,rt-pcr,general,both,nd,na,yes,13,6,nr,na,na,36.5,15.78,8542,hypertension,not_present,12,1,11,,,,,,,,,,,,,,,,,,,,,,,
9622,single,na,na,china,rcs,rt-pcr,general,in-patient,yes,antivirals,yes,34,31,nr,na,na,57.5,13.23,9622,hypertension,not_present,56,10,46,,,,,,,,,,,,,,,,,,,,,,,
9622,single,na,na,china,rcs,rt-pcr,general,in-patient,yes,antivirals,yes,34,31,nr,na,na,57.5,13.23,9622,diabetes,not_present,56,4,52,,,,,,,,,,,,,,,,,,,,,,,
9094,single,na,na,china,rcs,rt-pcr,general,in-patient,yes,antivirals,yes,11,3,chinese,na,na,40.4,13.72,9094,hypertension,not_present,5,1,4,,,,,,,,,,,,,,,,,,,,,,,
9122,single,na,na,china,rcs,rt-pcr,general,in-patient,nd,na,yes,22,20,nr,na,na,61,8.89,9122,diabetes,not_present,174,37,137,,,,,,,,,,,,,,,,,,20,61,10.37,,,
9122,single,na,na,china,rcs,rt-pcr,general,in-patient,nd,na,yes,22,21,nr,na,na,62,8.89,9122,none,any_comorbidity,50,26,24,,,,,,,,,,,,,,,,,,9,32,5.19,,,
10782,single,na,na,china,rcs,rt-pcr,general,in-patient,nd,na,yes,10,26,nr,na,na,43.74,12.2,10782,diabetes,not_present,43,7,36,15,6,9,,,,15,6,9,,,,,,,,,,,,,,
10782,single,na,na,china,rcs,rt-pcr,general,in-patient,nd,na,yes,10,26,nr,na,na,43.74,12.2,10782,hypertension,not_present,43,13,30,15,6,9,,,,15,6,9,,,,,,,,,,,,,,
10782,single,na,na,china,rcs,rt-pcr,general,in-patient,nd,na,yes,10,26,nr,na,na,43.74,12.2,10782,cardiovascular_disease ,not_present,43,3,40,15,1,14,,,,15,1,14,,,,,,,,,,,,,,
10782,single,na,na,china,rcs,rt-pcr,general,in-patient,nd,na,yes,10,26,nr,na,na,43.74,12.2,10782,copd,not_present,43,8,35,15,3,12,,,,15,3,12,,,,,,,,,,,,,,
10782,single,na,na,china,rcs,rt-pcr,general,in-patient,nd,na,yes,10,26,nr,na,na,43.74,12.2,10782,obesity ,not_present,43,4,39,15,3,12,,,,15,3,12,,,,,,,,,,,,,,
8645,single,na,na,china,rcs,rt-pcr,general,in-patient,yes,antivirals,nd,na,3,nr,na,na,61,8.29,8645,hypertension,not_present,5,4,1,,,,,,,,,,,,,,,,,,,,,,,
8645,single,na,na,china,rcs,rt-pcr,general,in-patient,yes,antivirals,nd,na,0,nr,na,na,61,8.29,8645,diabetes_hypertension ,not_present,5,1,4,,,,,,,,,,,,,,,,,,,,,,,
489,multicenter,1,nd,austalia,rcs,nd,general,overall,nd,na,nd,na,13,nr,na,na,48.25,17.75,489,diabetes,not_present,23,1,22,,,,,,,,,,,,,,,,,,,,,,,
9332,multicenter,1,nd,iran,rcs,rt-pcr,death,overall,nd,na,nd,na,6629,nr,na,na,54,16.16,9332,cardiovascular_disease ,not_present,514,82,432,,,,,,,,,,514,82,432,,,,,,,,,,,
9332,multicenter,1,nd,iran,rcs,rt-pcr,death,overall,nd,na,nd,na,6629,nr,na,na,54,16.16,9332,asthma,not_present,514,82,432,,,,,,,,,,514,82,432,,,,,,,,,,,
9332,multicenter,1,nd,iran,rcs,rt-pcr,death,overall,nd,na,nd,na,6629,nr,na,na,54,16.16,9332,cancer,not_present,514,51,463,,,,,,,,,,514,15,499,,,,,,,,,,,
9332,multicenter,1,nd,iran,rcs,rt-pcr,death,overall,nd,na,nd,na,6629,nr,na,na,54,16.16,9332,kidney_disease,not_present,514,10,504,,,,,,,,,,514,15,499,,,,,,,,,,,
9332,multicenter,1,nd,iran,rcs,rt-pcr,death,overall,nd,na,nd,na,6629,nr,na,na,54,16.16,9332,neurological_disease,not_present,514,15,499,,,,,,,,,,514,10,504,,,,,,,,,,,
9332,multicenter,1,nd,iran,rcs,rt-pcr,death,overall,nd,na,nd,na,6629,nr,na,na,54,16.16,9332,immunodeficiency,not_present,514,10,504,,,,,,,,,,514,10,504,,,,,,,,,,,
9332,multicenter,1,nd,iran,rcs,rt-pcr,death,overall,nd,na,nd,na,6629,nr,na,na,54,16.16,9332,blood_disease,not_present,514,0,514,,,,,,,,,,514,5,509,,,,,,,,,,,
9174,single,na,na,singapore,cc,rt-pcr,general,in-patient,nd,na,yes,21,29,chinese,na,na,42,14.81,9174,diabetes,not_present,54,5,49,,,,,,,,,,,,,,,,,,,,,,,
9123,multicenter,1,nd,china,rcs,rt-pcr,general,in-patient,yes,antivirals,yes,22,328,nr,nr,nr,40.78,15.19,9123,hypertension,not_present,645,100,545,,,,,,,,,,,,,,,,,,,,,,,
9123,multicenter,1,nd,china,rcs,rt-pcr,general,in-patient,yes,antivirals,yes,22,328,nr,nr,nr,40.78,15.19,9123,diabetes,not_present,645,48,597,,,,,,,,,,,,,,,,,,,,,,,
8236,single,1,1,china,rcs,rt-pcr,general,in-patient,yes,antivirals,yes,26,3,nr,nr,nr,54,27.4,8236,hypertension,not_present,10,3,7,,,,,,,,,,,,,,,,,,,,,,,
9679,multicenter,1,4,hong_kong,rcs,rt-pcr,general,in-patient,nd,na,yes,64,26,nr,nr,nr,56,19,9679,hypertension,not_present,64,13,51,,,,,,,,,,,,,,,,,,,,,,,
9679,multicenter,1,4,hong_kong,rcs,rt-pcr,general,in-patient,nd,na,yes,64,26,nr,nr,nr,56,19,9679,diabetes,not_present,64,8,56,,,,,,,,,,,,,,,,,,,,,,,
9377,single,1,1,china,rcs,rt-pcr,general,in-patient,nd,na,nd,na,8,nr,nr,nr,48.6,12.75,9377,hypertension,not_present,17,2,15,,,,,,,,,,,,,,,,,,,,,,,
9198,single,na,na,china,rcs,rt-pcr,severe,in-patient,nd,na,nd,na,3,nr,na,na,53.6,9.6,9198,hypertension,not_present,5,1,4,,,,,,,,,,1,0,1,,,,,,1,41,-,,,
9198,single,na,na,china,rcs,rt-pcr,severe,in-patient,nd,na,nd,na,3,nr,na,na,53.6,9.6,9198,chronic_liver_disease,not_present,5,1,4,,,,,,,,,,1,1,0,,,,,,1,61,-,,,
9198,single,na,na,china,rcs,rt-pcr,severe,in-patient,nd,na,nd,na,3,nr,na,na,53.6,9.6,9198,none,any_comorbidity,5,3,2,,,,,,,,,,1,0,1,,,,,,1,55.33,8.5,,,
9113,single,na,na,china,rcs,rt-pcr,general,in-patient,nd,na,nd,15,58,nr,na,na,53,9.16,9113,hypertension,not_present,114,33,81,,,,,,,,,,,,,,,,,,,,,,,
9151,multicenter,1,2,china,rcs,rt-pcr,general,in-patient,yes,nd,nd,27,na,nr,24.7,3.2,46,12.6,9151,hypertension,not_present,32,7,25,,,,,,,,,,,,,,,,,,,,,,,
9151,multicenter,1,2,china,rcs,rt-pcr,general,in-patient,yes,nd,nd,27,na,nr,24.7,3.2,46,12.6,9151,diabetes,not_present,32,4,28,,,,,,,,,,,,,,,,,,,,,,,
8898,single,na,na,china,rcs,rt-pcr,general,in-patient,nd,na,nd,na,16,nr,24.5,2.96,41,14.81,8898,diabetes,not_present,32,4,28,,,,,,,,,,,,,,,,,,,,,,,
8898,single,na,na,china,rcs,rt-pcr,general,in-patient,nd,na,nd,na,16,nr,24.5,2.96,41,14.81,8898,hypertension,not_present,32,5,27,,,,,,,,,,,,,,,,,,,,,,,
8969,single,na,na,china,rcs,rt-pcr,general,in-patient,yes,antivirals,nd,na,1,nr,na,na,52.4,9.04,8969,hypertension,not_present,5,1,4,,,,,,,,,,,,,,,,,,0,62,-,,,
8405,single,na,na,china,rcs,rt-pcr,general,in-patient,yes,antivirals,yes,30,67,nr,na,na,54,22.96,8405,hypertension,not_present,116,43,73,46,15,31,,,,46,15,31,,,,,,,,,,,,,,
8405,single,na,na,china,rcs,rt-pcr,general,in-patient,yes,antivirals,yes,30,67,nr,na,na,54,22.96,8405,diabetes,not_present,116,18,98,46,6,40,,,,46,6,40,,,,,,,,,,,,,,
8405,single,na,na,china,rcs,rt-pcr,general,in-patient,yes,antivirals,yes,30,67,nr,na,na,54,22.96,8405,cancer,not_present,116,12,104,46,5,41,,,,46,5,41,,,,,,,,,,,,,,
8405,single,na,na,china,rcs,rt-pcr,general,in-patient,yes,antivirals,yes,30,67,nr,na,na,54,22.96,8405,cerebrovascular_disease,not_present,116,7,109,46,4,42,,,,46,4,42,,,,,,,,,,,,,,
8405,single,na,na,china,rcs,rt-pcr,general,in-patient,yes,antivirals,yes,30,67,nr,na,na,54,22.96,8405,chronic_kidney_disease,not_present,116,5,111,46,5,41,,,,46,5,41,,,,,,,,,,,,,,
8920,single,na,na,china,rcs,rt-pcr,general,in-patient,nd,antivirals,yes,20,4,nr,na,na,43,10.37,8920,hypertension,not_present,10,1,9,4,0,4,,,,4,0,4,,,,,,,0,,1,62,-,,,
8920,single,na,na,china,rcs,rt-pcr,general,in-patient,nd,antivirals,yes,20,4,nr,na,na,43,10.37,8920,chronic_liver_disease,not_present,10,1,9,4,0,4,,,,4,0,4,,,,,,,1,,1,40,-,,,
8920,single,na,na,china,rcs,rt-pcr,general,in-patient,nd,antivirals,yes,20,4,nr,na,na,43,10.37,8920,none,any_comorbidity,10,8,2,4,4,0,,,,4,4,0,,,,,,,0,,2,41,8.99,,,
10861,multicenter,1,7,china,cc,rt-pcr,general,in-patient,nd,na,yes,45,119,nr,na,na,44.8,14.5,10861,hypertension,not_present,219,31,188,,,,,,,,,,,,,,,,,,,,,,,
10861,multicenter,1,7,china,cc,rt-pcr,general,in-patient,nd,na,yes,45,119,nr,na,na,44.8,14.5,10861,diabetes,not_present,219,18,201,,,,,,,,,,,,,,,,,,,,,,,
9608,multicenter,1,nd,usa,rcs,rt-pcr,general,both_and_community,nd,na,yes,45,na,nr,na,na,na,na,9608,diabetes,not_present,7162,784,6378,,,,1069,148,921,1069,148,921,,,,,,,,,,,,,,
9608,multicenter,1,nd,usa,rcs,rt-pcr,general,both_and_community,nd,na,yes,45,na,nr,na,na,na,na,9608,chronic_lung_disease,not_present,7162,656,6506,,,,1069,94,975,1069,94,975,,,,,,,,,,,,,,
9608,multicenter,1,nd,usa,rcs,rt-pcr,general,both_and_community,nd,na,yes,45,na,nr,na,na,na,na,9608,cardiovascular_disease ,not_present,7162,647,6515,,,,1069,132,937,1069,132,937,,,,,,,,,,,,,,
9608,multicenter,1,nd,usa,rcs,rt-pcr,general,both_and_community,nd,na,yes,45,na,nr,na,na,na,na,9608,immunodeficiency,not_present,7162,264,6898,,,,1069,41,1028,1069,41,1028,,,,,,,,,,,,,,
9608,multicenter,1,nd,usa,rcs,rt-pcr,general,both_and_community,nd,na,yes,45,na,nr,na,na,na,na,9608,chronic_kidney_disease,not_present,7162,213,6949,,,,1069,56,1013,1069,56,1013,,,,,,,,,,,,,,
9608,multicenter,1,nd,usa,rcs,rt-pcr,general,both_and_community,nd,na,yes,45,na,nr,na,na,na,na,9608,neurological_neurodevelopmental_intellectual_disabliity,not_present,7162,52,7110,,,,1069,7,1062,1069,7,1062,,,,,,,,,,,,,,
9608,multicenter,1,nd,usa,rcs,rt-pcr,general,both_and_community,nd,na,yes,45,na,nr,na,na,na,na,9608,chronic_liver_disease,not_present,7162,41,7121,,,,1069,7,1062,1069,7,1062,,,,,,,,,,,,,,
9608,multicenter,1,nd,usa,rcs,rt-pcr,general,both_and_community,nd,na,yes,45,na,nr,na,na,na,na,9608,former_smokers,non_smokers,7162,165,6997,,,,1069,33,1036,1069,33,1036,,,,,,,,,,,,,,
9608,multicenter,1,nd,usa,rcs,rt-pcr,general,both_and_community,nd,na,yes,45,na,nr,na,na,na,na,9608,current_smokers,non_smokers,7162,96,7066,,,,1069,5,1064,1069,5,1064,,,,,,,,,,,,,,
9608,multicenter,1,nd,usa,rcs,rt-pcr,general,both_and_community,nd,na,yes,45,na,nr,na,na,na,na,9608,smokers_overall,non_smokers,7162,261,6901,,,,1069,38,1031,1069,38,1031,,,,,,,,,,,,,,
9608,multicenter,1,nd,usa,rcs,rt-pcr,general,both_and_community,nd,na,yes,45,na,nr,na,na,na,na,9608,hypertension,not_present,7162,113,7049,,,,1069,,,1069,,,,,,,,,,,,,,,,
9608,multicenter,1,nd,usa,rcs,rt-pcr,general,both_and_community,nd,na,yes,45,na,nr,na,na,na,na,9608,none,any_comorbidity,7162,4470,2692,,,,1069,305,764,1069,305,764,,,,,,,,,,,,,,
8525,single,na,na,china,rcs,rt-pcr,general,in-patient,nd,na,yes,43,24,nr,na,na,64.5,9.78,8525,hypertension,not_present,42,38,4,,,,,,,,,,,,,,,,,,14,60.17,9.69,,,
8525,single,na,na,china,rcs,rt-pcr,general,in-patient,nd,na,yes,43,24,nr,na,na,64.5,9.78,8525,diabetes_hypertension,not_present,42,4,38,,,,,,,,,,,,,,,,,,3,68.75,4.5,,,
8264,single,na,na,china,rcs,rt-pcr,severe,in-patient,nd,antivirals,yes,20,0,nr,na,na,65.7,9.18,8264,diabetes_hypertension,not_present,10,1,9,,,,,,,,,,,,,,,,,,0,70,7.1,,,
8264,single,na,na,china,rcs,rt-pcr,severe,in-patient,nd,antivirals,yes,20,0,nr,na,na,65.7,9.18,8264,hypertension,not_present,10,1,9,,,,,,,,,,,,,,,,,,0,52,,,,
8264,single,na,na,china,rcs,rt-pcr,severe,in-patient,nd,antivirals,yes,20,0,nr,na,na,65.7,9.18,8264,diabetes,not_present,10,2,8,,,,,,,,,,,,,,,,,,0,73,,,,
9056,single,na,na,china,rcs,rt-pcr,general,in-patient,nd,na,yes,38,14,nr,na,na,36.54,18.33,9056,diabetes_hypertension,not_present,22,2,20,2,1,1,,,,2,1,1,,,,,,,,,1,56.5,10.6,,,
9056,single,na,na,china,rcs,rt-pcr,general,in-patient,nd,na,yes,38,14,nr,na,na,36.54,18.33,9056,hypertension,not_present,22,2,20,2,1,1,,,,2,1,1,,,,,,,,,2,53.5,2.12,,,
9056,single,na,na,china,rcs,rt-pcr,general,in-patient,nd,na,yes,38,14,nr,na,na,36.54,18.33,9056,copd,not_present,22,1,21,2,0,2,,,,2,0,2,,,,,,,,,1,41,-,,,
9056,single,na,na,china,rcs,rt-pcr,general,in-patient,nd,na,yes,38,14,nr,na,na,36.54,18.33,9056,none,any_comorbidity,22,17,5,2,0,2,,,,2,0,2,,,,,,,,,15,31.94,18.01,,,
8816,multicenter,1,2,hong_kong,rcs,rt-pcr,general,in-patient,nd,na,yes,21,13,nr,na,na,62,18.52,8816,hypertension,not_present,23,6,17,10,4,6,,,,10,4,6,,,,,,,,,,,,,,
8816,multicenter,1,2,hong_kong,rcs,rt-pcr,general,in-patient,nd,na,yes,21,13,nr,na,na,62,18.52,8816,chronic_heart_disease,not_present,23,2,21,10,0,10,,,,10,0,10,,,,,,,,,,,,,,
8816,multicenter,1,2,hong_kong,rcs,rt-pcr,general,in-patient,nd,na,yes,21,13,nr,na,na,62,18.52,8816,chronic_lung_disease,not_present,23,1,22,10,1,9,,,,10,1,9,,,,,,,,,,,,,,
8816,multicenter,1,2,hong_kong,rcs,rt-pcr,general,in-patient,nd,na,yes,21,13,nr,na,na,62,18.52,8816,chronic_kidney_disease,not_present,23,1,22,10,1,9,,,,10,1,9,,,,,,,,,,,,,,
8816,multicenter,1,2,hong_kong,rcs,rt-pcr,general,in-patient,nd,na,yes,21,13,nr,na,na,62,18.52,8816,diabetes,not_present,23,4,19,10,2,8,,,,10,2,8,,,,,,,,,,,,,,
8816,multicenter,1,2,hong_kong,rcs,rt-pcr,general,in-patient,nd,na,yes,21,13,nr,na,na,62,18.52,8816,gout,not_present,23,2,21,10,2,8,,,,10,2,8,,,,,,,,,,,,,,
8816,multicenter,1,2,hong_kong,rcs,rt-pcr,general,in-patient,nd,na,yes,21,13,nr,na,na,62,18.52,8816,hyperlipidemia,not_present,23,2,21,10,2,8,,,,10,2,8,,,,,,,,,,,,,,
8816,multicenter,1,2,hong_kong,rcs,rt-pcr,general,in-patient,nd,na,yes,21,13,nr,na,na,62,18.52,8816,none,any_comorbidity,23,12,11,10,3,7,,,,10,3,7,,,,,,,,,,,,,,
9339,single,na,na,china,rcs,rt-pcr,general_influenza,in-patient,yes,antivirals,nd,na,2,nr,na,na,50.2,9.83,9339,hypertension,not_present,5,2,3,,,,,,,,,,,,,,,,,,1,50,,,,
9125,single,na,na,china,rcs,rt-pcr,general,in-patient,nd,na,yes,15,10,nr,na,na,39,19.26,9125,hypertension,not_present,18,5,13,,,,,,,,,,,,,,,,,,,,,,,
9125,single,na,na,china,rcs,rt-pcr,general,in-patient,nd,na,yes,15,10,nr,na,na,39,19.26,9125,diabetes,not_present,18,3,15,,,,,,,,,,,,,,,,,,,,,,,
9446,multicenter,1,2,china,rcs,rt-pcr,severe,in-patient,nd,na,yes,63,7,nr,na,na,65,14.07,9446,hypertension,not_present,17,3,14,,,,,,,,,,,,,,,,,,,,,,,
9446,multicenter,1,2,china,rcs,rt-pcr,severe,in-patient,nd,na,yes,63,7,nr,na,na,65,14.07,9446,diabetes,not_present,17,3,14,,,,,,,,,,,,,,,,,,,,,,,
9609,single,na,na,japan,rcs,rt-pcr,general,in-patient,nd,na,nd,na,2,nr,na,na,68.83,3.06,9609,diabetes_hypertension,not_present,6,1,5,,,,,,,,,,,,,,,,0,0,1,71,,,,
10641,single,na,na,china,rcs,rt-pcr,severe,in-patient,nd,na,nd,na,7,nr,22.7,2.3,63.2,11,10641,hypertension,not_present,8,4,4,,,,,,,,,,,,,,,,,,,,,,,
10641,single,na,na,china,rcs,rt-pcr,severe,in-patient,nd,na,nd,na,7,nr,22.7,2.3,63.2,11,10641,diabetes,not_present,8,3,5,,,,,,,,,,,,,,,,,,,,,,,
7916,single,na,na,china,rcs,rt-pcr,general,in-patient,nd,na,yes,18,71,nr,na,na,57,10.33,7916,current_smokers,non_smokers,140,2,138,58,2,56,,,,58,2,56,,,,,,,,,,,,,,
7916,single,na,na,china,rcs,rt-pcr,general,in-patient,nd,na,yes,18,71,nr,na,na,57,10.33,7916,former_smokers,non_smokers,140,7,133,58,4,54,,,,58,4,54,,,,,,,,,,,,,,
7916,single,na,na,china,rcs,rt-pcr,general,in-patient,nd,na,yes,18,71,nr,na,na,57,10.33,7916,smokers_overall,non_smokers,140,9,131,58,6,52,,,,58,6,52,,,,,,,,,,,,,,
7916,single,na,na,china,rcs,rt-pcr,general,in-patient,nd,na,yes,18,71,nr,na,na,57,10.33,7916,hypertension,not_present,140,42,98,58,22,36,,,,58,22,36,,,,,,,,,,,,,,
7916,single,na,na,china,rcs,rt-pcr,general,in-patient,nd,na,yes,18,71,nr,na,na,57,10.33,7916,diabetes,not_present,140,17,123,58,8,50,,,,58,8,50,,,,,,,,,,,,,,
7916,single,na,na,china,rcs,rt-pcr,general,in-patient,nd,na,yes,18,71,nr,na,na,57,10.33,7916,lung_disease,not_present,140,2,138,58,2,56,,,,58,2,56,,,,,,,,,,,,,,
7916,single,na,na,china,rcs,rt-pcr,general,in-patient,nd,na,yes,18,71,nr,na,na,57,10.33,7916,lung_disease,not_present,140,2,138,58,2,56,,,,58,2,56,,,,,,,,,,,,,,
7916,single,na,na,china,rcs,rt-pcr,general,in-patient,nd,na,yes,18,71,nr,na,na,57,10.33,7916,cardiac_disease,not_present,140,2,138,58,1,57,,,,58,1,57,,,,,,,,,,,,,,
7916,single,na,na,china,rcs,rt-pcr,general,in-patient,nd,na,yes,18,71,nr,na,na,57,10.33,7916,cardiac_disease,not_present,140,5,135,58,4,54,,,,58,4,54,,,,,,,,,,,,,,
7916,single,na,na,china,rcs,rt-pcr,general,in-patient,nd,na,yes,18,71,nr,na,na,57,10.33,7916,coronary_heart_disease,not_present,140,7,133,58,4,54,,,,58,4,54,,,,,,,,,,,,,,
7916,single,na,na,china,rcs,rt-pcr,general,in-patient,nd,na,yes,18,71,nr,na,na,57,10.33,7916,hyperlipidemia,not_present,140,7,133,58,2,56,,,,58,2,56,,,,,,,,,,,,,,
7916,single,na,na,china,rcs,rt-pcr,general,in-patient,nd,na,yes,18,71,nr,na,na,57,10.33,7916,cerebrovascular_disease,not_present,140,3,137,58,2,56,,,,58,2,56,,,,,,,,,,,,,,
7916,single,na,na,china,rcs,rt-pcr,general,in-patient,nd,na,yes,18,71,nr,na,na,57,10.33,7916,chronic_kidney_disease,not_present,140,2,138,58,2,56,,,,58,2,56,,,,,,,,,,,,,,
7916,single,na,na,china,rcs,rt-pcr,general,in-patient,nd,na,yes,18,71,nr,na,na,57,10.33,7916,liver_disease,not_present,140,8,132,58,4,54,,,,58,4,54,,,,,,,,,,,,,,
7916,single,na,na,china,rcs,rt-pcr,general,in-patient,nd,na,yes,18,71,nr,na,na,57,10.33,7916,thyroid_disease,not_present,140,5,135,58,4,54,,,,58,4,54,,,,,,,,,,,,,,
7916,single,na,na,china,rcs,rt-pcr,general,in-patient,nd,na,yes,18,71,nr,na,na,57,10.33,7916,chronic_gastritis,not_present,140,7,133,58,2,56,,,,58,2,56,,,,,,,,,,,,,,
7916,single,na,na,china,rcs,rt-pcr,general,in-patient,nd,na,yes,18,71,nr,na,na,57,10.33,7916,cholelithiasis,not_present,140,6,134,58,4,54,,,,58,4,54,,,,,,,,,,,,,,
7916,single,na,na,china,rcs,rt-pcr,general,in-patient,nd,na,yes,18,71,nr,na,na,57,10.33,7916,drug_hypersensitivity,not_present,140,16,124,58,6,52,,,,58,6,52,,,,,,,,,,,,,,
7916,single,na,na,china,rcs,rt-pcr,general,in-patient,nd,na,yes,18,71,nr,na,na,57,10.33,7916,urticaria,not_present,140,2,138,58,1,57,,,,58,1,57,,,,,,,,,,,,,,
7916,single,na,na,china,rcs,rt-pcr,general,in-patient,nd,na,yes,18,71,nr,na,na,57,10.33,7916,none,any_comorbidity,140,50,90,58,12,46,,,,58,12,46,,,,,,,,,,,,,,
9041,single,na,na,china,rcs,rt-pcr,general,in-patient,yes,antivirals,yes,27,75,nr,na,na,56,19.25,9041,hypertension,not_present,138,43,95,,,,36,21,15,36,21,15,,,,,,,,,,,,,,
9041,single,na,na,china,rcs,rt-pcr,general,in-patient,yes,antivirals,yes,27,75,nr,na,na,56,19.25,9041,diabetes,not_present,138,14,124,,,,36,8,28,36,8,28,,,,,,,,,,,,,,
9041,single,na,na,china,rcs,rt-pcr,general,in-patient,yes,antivirals,yes,27,75,nr,na,na,56,19.25,9041,copd,not_present,138,4,134,,,,36,3,33,36,3,33,,,,,,,,,,,,,,
9041,single,na,na,china,rcs,rt-pcr,general,in-patient,yes,antivirals,yes,27,75,nr,na,na,56,19.25,9041,cardiovascular_disease ,not_present,138,20,118,,,,36,9,27,36,9,27,,,,,,,,,,,,,,
9041,single,na,na,china,rcs,rt-pcr,general,in-patient,yes,antivirals,yes,27,75,nr,na,na,56,19.25,9041,cerebrovascular_disease,not_present,138,7,131,,,,36,6,30,36,6,30,,,,,,,,,,,,,,
9041,single,na,na,china,rcs,rt-pcr,general,in-patient,yes,antivirals,yes,27,75,nr,na,na,56,19.25,9041,hiv,not_present,138,2,136,,,,36,0,36,36,0,36,,,,,,,,,,,,,,
9041,single,na,na,china,rcs,rt-pcr,general,in-patient,yes,antivirals,yes,27,75,nr,na,na,56,19.25,9041,chronic_kidney_disease,not_present,138,4,134,,,,36,2,34,36,2,34,,,,,,,,,,,,,,
9041,single,na,na,china,rcs,rt-pcr,general,in-patient,yes,antivirals,yes,27,75,nr,na,na,56,19.25,9041,chronic_liver_disease,not_present,138,4,134,,,,36,0,36,36,0,36,,,,,,,,,,,,,,
9041,single,na,na,china,rcs,rt-pcr,general,in-patient,yes,antivirals,yes,27,75,nr,na,na,56,19.25,9041,cancer,not_present,138,10,128,,,,36,4,32,36,4,32,,,,,,,,,,,,,,
9041,single,na,na,china,rcs,rt-pcr,general,in-patient,yes,antivirals,yes,27,75,nr,na,na,56,19.25,9041,none,any_comorbidity,138,74,64,,,,36,10,26,36,10,26,,,,,,,,,,,,,,
7942,single,na,na,china,rcs,rt-pcr,general,in-patient,nd,na,nd,na,3,nr,na,na,46.33,22.63,7942,hypertension,not_present,6,2,4,,,,,,,,,,,,,,,,,,,,,,,
7942,single,na,na,china,rcs,rt-pcr,general,in-patient,nd,na,nd,na,3,nr,na,na,46.33,22.63,7942,diabetes,not_present,6,1,5,,,,,,,,,,,,,,,,,,,,,,,
9314,single,na,na,usa,rcs,rt-pcr,severe,in-patient,nd,na,yes,14,11,nr,na,na,70,12.25,9314,diabetes,not_present,21,7,14,,,,,,,,,,,,,,,,,,,,,,,
7949,single,na,na,china,rcs,rt-pcr,general,in-patient,nd,na,yes,12,39,nr,na,na,50,11.33,7949,hypertension,not_present,90,17,73,,,,,,,,,,,,,,,,,,,,,,,
7949,single,na,na,china,rcs,rt-pcr,general,in-patient,nd,na,yes,12,39,nr,na,na,50,11.33,7949,diabetes,not_present,90,5,85,,,,,,,,,,,,,,,,,,,,,,,
8680,multicenter,1,4,singapore,rcs,rt-pcr,general,in-patient,yes,antivirals,yes,33,9,chinese,na,na,47,10.5,8680,hypertension,not_present,18,4,14,,,,,,,,,,,,,18,5,13,,,,,,,,
8680,multicenter,1,4,singapore,rcs,rt-pcr,general,in-patient,yes,antivirals,yes,33,9,chinese,na,na,47,10.5,8680,diabetes,not_present,18,1,17,,,,,,,,,,,,,18,1,17,,,,,,,,
8680,multicenter,1,4,singapore,rcs,rt-pcr,general,in-patient,yes,antivirals,yes,33,9,chinese,na,na,47,10.5,8680,diabetes_hypertension,not_present,18,2,16,,,,,,,,,,,,,18,,,,,,,,,,
8680,multicenter,1,4,singapore,rcs,rt-pcr,general,in-patient,yes,antivirals,yes,33,9,chinese,na,na,47,10.5,8680,hyperlipidemia,not_present,18,1,17,,,,,,,,,,,,,18,1,17,,,,,,,,
8680,multicenter,1,4,singapore,rcs,rt-pcr,general,in-patient,yes,antivirals,yes,33,9,chinese,na,na,47,10.5,8680,none,any_comorbidity,18,13,5,,,,,,,,,,,,,,,,,,,,,,,
8691,single,na,na,china,pcs,rt-pcr,severe,in-patient,yes,antivirals,yes,65,3,nr,na,na,54,15.17,8691,hypertension,not_present,5,1,4,,,,,,,,,,,,,3,0,3,0,,1,60,,,,
8691,single,na,na,china,pcs,rt-pcr,severe,in-patient,yes,antivirals,yes,65,3,nr,na,na,54,15.17,8691,none,any_comorbidity,5,4,1,,,,,,,,,,,,,3,3,0,,,2,52.5,17.08,,,
10860,multicenter,1,4,usa,rcs,rt-pcr,general,both_,nd,na,yes,19,55,nr,na,na,72,13.16,10860,hypertension,not_present,167,74,93,,,,,,,,,,,,,,,,,,,,,,,
10860,multicenter,1,4,usa,rcs,rt-pcr,general,both_,nd,na,yes,19,55,nr,na,na,72,13.16,10860,diabetes,not_present,167,38,129,,,,,,,,,,,,,,,,,,,,,,,
9431,single,na,na,china,rcs,rt-pcr,"general_cardiac_injury
",in-patient,yes,antivirals,yes,26,205,nr,na,na,64,12.33,9431,hypertension,not_present,416,127,289,,,,,,,,,,,,,,,,,,,,,,,
9431,single,na,na,china,rcs,rt-pcr,"general_cardiac_injury
",in-patient,yes,antivirals,yes,26,205,nr,na,na,64,12.33,9431,diabetes,not_present,416,60,356,,,,,,,,,,,,,,,,,,,,,,,
9431,single,na,na,china,rcs,rt-pcr,"general_cardiac_injury
",in-patient,yes,antivirals,yes,26,205,nr,na,na,64,12.33,9431,copd,not_present,416,12,404,,,,,,,,,,,,,,,,,,,,,,,
9431,single,na,na,china,rcs,rt-pcr,"general_cardiac_injury
",in-patient,yes,antivirals,yes,26,205,nr,na,na,64,12.33,9431,cerebrovascular_disease,not_present,416,22,394,,,,,,,,,,,,,,,,,,,,,,,
9431,single,na,na,china,rcs,rt-pcr,"general_cardiac_injury
",in-patient,yes,antivirals,yes,26,205,nr,na,na,64,12.33,9431,chronic_heart_disease,not_present,416,17,399,,,,,,,,,,,,,,,,,,,,,,,
9431,single,na,na,china,rcs,rt-pcr,"general_cardiac_injury
",in-patient,yes,antivirals,yes,26,205,nr,na,na,64,12.33,9431,coronary_heart_disease,not_present,416,44,372,,,,,,,,,,,,,,,,,,,,,,,
9431,single,na,na,china,rcs,rt-pcr,"general_cardiac_injury
",in-patient,yes,antivirals,yes,26,205,nr,na,na,64,12.33,9431,chronic_kidney_disease,not_present,416,14,402,,,,,,,,,,,,,,,,,,,,,,,
9431,single,na,na,china,rcs,rt-pcr,"general_cardiac_injury
",in-patient,yes,antivirals,yes,26,205,nr,na,na,64,12.33,9431,hepatitis_b,not_present,416,4,412,,,,,,,,,,,,,,,,,,,,,,,
9431,single,na,na,china,rcs,rt-pcr,"general_cardiac_injury
",in-patient,yes,antivirals,yes,26,205,nr,na,na,64,12.33,9431,cancer,not_present,416,9,407,,,,,,,,,,,,,,,,,,,,,,,
9307,single,na,na,china,rcs,rt-pcr,general,in-patient,yes,antivirals,yes,33,91,nr,na,na,58.5,14.66,9307,hypertension,not_present,187,61,126,,,,,,,,,,,,,,,,,,,,,,,
9307,single,na,na,china,rcs,rt-pcr,general,in-patient,yes,antivirals,yes,33,91,nr,na,na,58.5,14.66,9307,diabetes,not_present,187,28,159,,,,,,,,,,,,,,,,,,,,,,,
8424,multicenter,1,3,china,rcs,rt-pcr,severe,in-patient,yes,antivirals,yes,52,2,nr,na,na,57,18.97,8424,hypertension,not_present,4,2,2,,,,2,2,0,2,2,0,0,0,0,3,1,2,,,0,69,-,,,
8424,multicenter,1,3,china,rcs,rt-pcr,severe,in-patient,yes,antivirals,yes,52,2,nr,na,na,57,18.97,8424,copd,not_present,4,1,3,,,,2,0,2,2,0,2,0,0,0,3,1,2,,,1,55,-,,,
9496,single,na,na,china,rcs,nd,general,in-patient,nd,na,nd,na,6,nr,25.55,6.28,64.25,17.58,9496,hypertension,not_present,8,3,5,,,,,,,,,,,,,,,,,,1,64,-,,,
9496,single,na,na,china,rcs,nd,general,in-patient,nd,na,nd,na,6,nr,25.55,6.28,64.25,17.58,9496,cancer,not_present,8,1,7,,,,,,,,,,,,,,,,,,1,75,-,,,
9496,single,na,na,china,rcs,nd,general,in-patient,nd,na,nd,na,6,nr,25.55,6.28,64.25,17.58,9496,diabetes_hypertension,not_present,8,1,7,,,,,,,,,,,,,,,,,,1,65,-,,,
9496,single,na,na,china,rcs,nd,general,in-patient,nd,na,nd,na,6,nr,25.55,6.28,64.25,17.58,9496,none,any_comorbidity,8,3,5,,,,,,,,,,,,,,,,,,2,50,21.66,,,
1405,nr,na,na,usa,rcs,nd,general_prexisting_cardiac_conditions,nr,yes,hydroxychloroquine,nd,na,2,nr,na,na,54.25,12.45,1405,hypertension,not_present,4,1,3,,,,,,,,,,,,,,,,,,0,64,,,,
1405,nr,na,na,usa,rcs,nd,general_prexisting_cardiac_conditions,nr,yes,hydroxychloroquine,nd,na,2,nr,na,na,54.25,12.45,1405,diabetes,not_present,4,1,3,,,,,,,,,,,,,,,,,,1,38,,,,
1405,nr,na,na,usa,rcs,nd,general_prexisting_cardiac_conditions,nr,yes,hydroxychloroquine,nd,na,2,nr,na,na,54.25,12.45,1405,diabetes_hypertension,not_present,4,1,3,,,,,,,,,,,,,,,,,,0,64,,,,
8581,multicenter,1,11,republic_of_korea,rcs,rt-pcr,general,in-patient,yes,antivirals,yes,29,15,nr,na,na,42.6,13.4,8581,hypertension,not_present,28,0,28,,,,,,,,,,,,,,,,,,,,,,,
8581,multicenter,1,11,republic_of_korea,rcs,rt-pcr,general,in-patient,yes,antivirals,yes,29,15,nr,na,na,42.6,13.4,8581,diabetes,not_present,28,2,26,,,,,,,,,,,,,,,,,,,,,,,
8581,multicenter,1,11,republic_of_korea,rcs,rt-pcr,general,in-patient,yes,antivirals,yes,29,15,nr,na,na,42.6,13.4,8581,smokers_overall,non_smokers,28,2,26,,,,,,,,,,,,,,,,,,,,,,,
8581,multicenter,1,11,republic_of_korea,rcs,rt-pcr,general,in-patient,yes,antivirals,yes,29,15,nr,na,na,42.6,13.4,8581,obesity,not_present,28,8,20,,,,,,,,,,,,,,,,,,,,,,,
8581,multicenter,1,11,republic_of_korea,rcs,rt-pcr,general,in-patient,yes,antivirals,yes,29,15,nr,na,na,42.6,13.4,8581,asthma,not_present,28,1,27,,,,,,,,,,,,,,,,,,,,,,,
8581,multicenter,1,11,republic_of_korea,rcs,rt-pcr,general,in-patient,yes,antivirals,yes,29,15,nr,na,na,42.6,13.4,8581,cancer,not_present,28,1,27,,,,,,,,,,,,,,,,,,,,,,,
43,multicenter,1,72,italy,rcs,rt-pcr,severe,in-patient,nd,na,yes,34,1304,nr,na,na,63,10.37,43,hypertension,not_present,1043,509,526,,,,,,,,,,405,195,114,,,,,,,,,,,
43,multicenter,1,72,italy,rcs,rt-pcr,severe,in-patient,nd,na,yes,34,1304,nr,na,na,63,10.37,43,cardiovascular_disease ,not_present,1043,223,820,,,,,,,,,,405,,,,,,,,,,,,,
43,multicenter,1,72,italy,rcs,rt-pcr,severe,in-patient,nd,na,yes,34,1304,nr,na,na,63,10.37,43,hyperlipidemia,not_present,1043,188,855,,,,,,,,,,405,,,,,,,,,,,,,
43,multicenter,1,72,italy,rcs,rt-pcr,severe,in-patient,nd,na,yes,34,1304,nr,na,na,63,10.37,43,diabetes,not_present,1043,180,863,,,,,,,,,,405,,,,,,,,,,,,,
43,multicenter,1,72,italy,rcs,rt-pcr,severe,in-patient,nd,na,yes,34,1304,nr,na,na,63,10.37,43,cancer,not_present,1043,81,962,,,,,,,,,,405,,,,,,,,,,,,,
43,multicenter,1,72,italy,rcs,rt-pcr,severe,in-patient,nd,na,yes,34,1304,nr,na,na,63,10.37,43,copd,not_present,1043,42,1001,,,,,,,,,,405,,,,,,,,,,,,,
43,multicenter,1,72,italy,rcs,rt-pcr,severe,in-patient,nd,na,yes,34,1304,nr,na,na,63,10.37,43,chronic_kidney_disease,not_present,1043,36,1007,,,,,,,,,,405,,,,,,,,,,,,,
43,multicenter,1,72,italy,rcs,rt-pcr,severe,in-patient,nd,na,yes,34,1304,nr,na,na,63,10.37,43,chronic_liver_disease,not_present,1043,28,1015,,,,,,,,,,405,,,,,,,,,,,,,
43,multicenter,1,72,italy,rcs,rt-pcr,severe,in-patient,nd,na,yes,34,1304,nr,na,na,63,10.37,43,none,not_present,1043,334,709,,,,,,,,,,405,,,,,,,,,,,,,
44,single,na,na,china,rcs,rt-pcr,general,out-patient,nd,na,yes,15,524,nr,na,na,50,14.07,44,hypertension,not_present,1012,46,966,,,,,,,,,,,,,,,,,,,,,,,
44,single,na,na,china,rcs,rt-pcr,general,out-patient,nd,na,yes,15,524,nr,na,na,50,14.07,44,diabetes,not_present,1012,27,985,,,,,,,,,,,,,,,,,,,,,,,
8586,multicenter,1,2,france,rcs,rt-pcr,general,in-patient,nd,antivirals,yes,26,3,asian,na,na,47,20.22,8586,gout,not_present,5,1,4,,,,3,1,2,3,1,2,1,0,1,4,1,3,,,1,31,,,,
8586,multicenter,1,2,france,rcs,rt-pcr,general,in-patient,nd,antivirals,yes,26,3,asian,na,na,47,20.22,8586,hypertension,not_present,5,1,4,,,,3,1,2,3,1,2,1,0,1,4,1,3,,,1,48,,,,
8586,multicenter,1,2,france,rcs,rt-pcr,general,in-patient,nd,antivirals,yes,26,3,asian,na,na,47,20.22,8586,cancer,not_present,5,1,4,,,,3,1,2,3,1,2,1,1,0,4,0,4,,,1,80,,,,
8586,multicenter,1,2,france,rcs,rt-pcr,general,in-patient,nd,antivirals,yes,26,3,asian,na,na,47,20.22,8586,none,not_present,5,2,3,,,,3,0,3,3,0,3,1,0,1,4,2,2,,,0,38,11.31,,,
8606,single,na,na,china,rcs,rt-pcr,general,in-patient,nd,na,yes,64,166,nr,na,na,69,8.14,8606,hypertension,not_present,339,138,201,,,,,,,,,,65,32,33,,,,,,,,,,,
8606,single,na,na,china,rcs,rt-pcr,general,in-patient,nd,na,yes,64,166,nr,na,na,69,8.14,8606,diabetes,not_present,339,54,285,,,,,,,,,,65,11,54,,,,,,,,,,,
8606,single,na,na,china,rcs,rt-pcr,general,in-patient,nd,na,yes,64,166,nr,na,na,69,8.14,8606,cardiovascular_disease ,not_present,339,53,286,,,,,,,,,,65,21,44,,,,,,,,,,,
8606,single,na,na,china,rcs,rt-pcr,general,in-patient,nd,na,yes,64,166,nr,na,na,69,8.14,8606,cerebrovascular_disease,not_present,339,21,318,,,,,,,,,,65,10,55,,,,,,,,,,,
8606,single,na,na,china,rcs,rt-pcr,general,in-patient,nd,na,yes,64,166,nr,na,na,69,8.14,8606,chronic_kidney_disease,not_present,339,13,326,,,,,,,,,,65,4,61,,,,,,,,,,,
8606,single,na,na,china,rcs,rt-pcr,general,in-patient,nd,na,yes,64,166,nr,na,na,69,8.14,8606,chronic_liver_disease,not_present,339,2,337,,,,,,,,,,65,1,64,,,,,,,,,,,
8606,single,na,na,china,rcs,rt-pcr,general,in-patient,nd,na,yes,64,166,nr,na,na,69,8.14,8606,copd,not_present,339,21,318,,,,,,,,,,65,11,54,,,,,,,,,,,
8606,single,na,na,china,rcs,rt-pcr,general,in-patient,nd,na,yes,64,166,nr,na,na,69,8.14,8606,cancer,not_present,339,15,324,,,,,,,,,,65,3,62,,,,,,,,,,,
8606,single,na,na,china,rcs,rt-pcr,general,in-patient,nd,na,yes,64,166,nr,na,na,69,8.14,8606,autoimmune_disease,not_present,339,5,334,,,,,,,,,,65,1,64,,,,,,,,,,,
9667,multicenter,1,575,china,rcs,rt-pcr,general,in-patient,nd,na,yes,51,904,nr,nr,nr,48.9,16.3,9667,none,any_comorbidity,1590,1191,399,254,123,131,99,45,54,254,123,131,50,15,35,,,,64,111,667,44.8,15.2,,,
9667,multicenter,1,575,china,rcs,rt-pcr,general,in-patient,nd,na,yes,51,904,nr,na,na,48.9,16.3,9667,copd,not present,1590,24,1566,254,15,239,99,7,92,254,15,239,50,5,45,,,,3,24,20,74.7,6.8,,,
9667,multicenter,1,575,china,rcs,rt-pcr,general,in-patient,nd,na,yes,51,904,nr,na,na,48.9,16.3,9667,diabetes,not present,1590,130,1460,254,45,209,99,19,80,254,45,209,50,11,39,,,,19,130,76,61.2,13.4,,,
9667,multicenter,1,575,china,rcs,rt-pcr,general,in-patient,nd,na,yes,51,904,nr,na,na,48.9,16.3,9667,hypertension,not present,1590,269,1321,254,88,166,99,38,61,254,88,166,50,22,28,,,,22,269,156,62.1,12.5,,,
9667,multicenter,1,575,china,rcs,rt-pcr,general,in-patient,nd,na,yes,51,904,nr,na,na,48.9,16.3,9667,cardiovascular_disease ,not present,1590,59,1531,254,20,234,99,8,91,254,20,234,50,6,44,,,,6,59,36,66.3,15.1,,,
9667,multicenter,1,575,china,rcs,rt-pcr,general,in-patient,nd,na,yes,51,904,nr,na,na,48.9,16.3,9667,cerebrovascular_disease,not present,1590,30,1560,254,15,239,99,7,92,254,15,239,50,4,46,,,,4,30,23,70.4,8.9,,,
9667,multicenter,1,575,china,rcs,rt-pcr,general,in-patient,nd,na,yes,51,904,nr,na,na,48.9,16.3,9667,hepatitis_b,not present,1590,24,1566,254,9,245,99,1,98,254,9,245,50,2,48,,,,3,28,19,50.8,14.8,,,
9667,multicenter,1,575,china,rcs,rt-pcr,general,in-patient,nd,na,yes,51,904,nr,na,na,48.9,16.3,9667,cancer,not present,1590,130,1460,254,9,245,99,5,94,254,9,245,50,2,48,,,,4,18,11,63.1,12.1,,,
9667,multicenter,1,575,china,rcs,rt-pcr,general,in-patient,nd,na,yes,51,904,nr,na,na,48.9,16.3,9667,chronic_kidney_disease,not present,1590,269,1321,254,8,246,99,1,98,254,8,246,50,1,49,,,,1,21,13,63.7,14,,,
9667,multicenter,1,575,china,rcs,rt-pcr,general,in-patient,nd,na,yes,51,904,nr,na,na,48.9,16.3,9667,immunodeficiency,not present,1590,59,1531,254,1,253,99,1,98,254,1,253,50,0,50,,,,1,3,0,51,21.7,,,
